{
  "bomFormat": "CycloneDX",
  "specVersion": "1.4",
  "serialNumber": "urn:uuid:aec33827-20ae-40d0-ae83-18ee846364d2",
  "version": 1,
  "metadata": {
    "timestamp": "2022-02-23T08:01:37Z",
    "tools": [
      {
        "vendor": "GitLab",
        "name": "Gemnasium",
        "version": "2.34.0"
      }
    ],
    "authors": [
      {
        "name": "GitLab",
        "email": "support@gitlab.com"
      }
    ],
    "properties": [
      {
        "name": "gitlab:input_file",
        "value": "package-lock.json"
      },
      {
        "name": "gitlab:package_manager",
        "value": "npm"
      }
    ]
  },
  "components": [
    {
      "name": "abab",
      "version": "2.0.3",
      "purl": "pkg:npm/abab@2.0.3",
      "type": "library",
      "bom-ref": "pkg:npm/abab@2.0.3"
    },
    {
      "name": "acorn",
      "version": "5.7.3",
      "purl": "pkg:npm/acorn@5.7.3",
      "type": "library",
      "bom-ref": "pkg:npm/acorn@5.7.3"
    },
    {
      "name": "acorn",
      "version": "6.4.0",
      "purl": "pkg:npm/acorn@6.4.0",
      "type": "library",
      "bom-ref": "pkg:npm/acorn@6.4.0"
    },
    {
      "name": "acorn-globals",
      "version": "4.3.4",
      "purl": "pkg:npm/acorn-globals@4.3.4",
      "type": "library",
      "bom-ref": "pkg:npm/acorn-globals@4.3.4"
    },
    {
      "name": "acorn-walk",
      "version": "6.2.0",
      "purl": "pkg:npm/acorn-walk@6.2.0",
      "type": "library",
      "bom-ref": "pkg:npm/acorn-walk@6.2.0"
    },
    {
      "name": "ajv",
      "version": "6.10.2",
      "purl": "pkg:npm/ajv@6.10.2",
      "type": "library",
      "bom-ref": "pkg:npm/ajv@6.10.2"
    },
    {
      "name": "align-text",
      "version": "0.1.4",
      "purl": "pkg:npm/align-text@0.1.4",
      "type": "library",
      "bom-ref": "pkg:npm/align-text@0.1.4"
    },
    {
      "name": "amdefine",
      "version": "1.0.1",
      "purl": "pkg:npm/amdefine@1.0.1",
      "type": "library",
      "bom-ref": "pkg:npm/amdefine@1.0.1"
    },
    {
      "name": "ansi-regex",
      "version": "2.1.1",
      "purl": "pkg:npm/ansi-regex@2.1.1",
      "type": "library",
      "bom-ref": "pkg:npm/ansi-regex@2.1.1"
    },
    {
      "name": "ansi-regex",
      "version": "3.0.0",
      "purl": "pkg:npm/ansi-regex@3.0.0",
      "type": "library",
      "bom-ref": "pkg:npm/ansi-regex@3.0.0"
    },
    {
      "name": "ansi-styles",
      "version": "2.2.1",
      "purl": "pkg:npm/ansi-styles@2.2.1",
      "type": "library",
      "bom-ref": "pkg:npm/ansi-styles@2.2.1"
    },
    {
      "name": "append-transform",
      "version": "0.4.0",
      "purl": "pkg:npm/append-transform@0.4.0",
      "type": "library",
      "bom-ref": "pkg:npm/append-transform@0.4.0"
    },
    {
      "name": "archy",
      "version": "1.0.0",
      "purl": "pkg:npm/archy@1.0.0",
      "type": "library",
      "bom-ref": "pkg:npm/archy@1.0.0"
    },
    {
      "name": "arr-diff",
      "version": "4.0.0",
      "purl": "pkg:npm/arr-diff@4.0.0",
      "type": "library",
      "bom-ref": "pkg:npm/arr-diff@4.0.0"
    },
    {
      "name": "arr-flatten",
      "version": "1.1.0",
      "purl": "pkg:npm/arr-flatten@1.1.0",
      "type": "library",
      "bom-ref": "pkg:npm/arr-flatten@1.1.0"
    },
    {
      "name": "arr-union",
      "version": "3.1.0",
      "purl": "pkg:npm/arr-union@3.1.0",
      "type": "library",
      "bom-ref": "pkg:npm/arr-union@3.1.0"
    },
    {
      "name": "array-equal",
      "version": "1.0.0",
      "purl": "pkg:npm/array-equal@1.0.0",
      "type": "library",
      "bom-ref": "pkg:npm/array-equal@1.0.0"
    },
    {
      "name": "array-unique",
      "version": "0.3.2",
      "purl": "pkg:npm/array-unique@0.3.2",
      "type": "library",
      "bom-ref": "pkg:npm/array-unique@0.3.2"
    },
    {
      "name": "arrify",
      "version": "1.0.1",
      "purl": "pkg:npm/arrify@1.0.1",
      "type": "library",
      "bom-ref": "pkg:npm/arrify@1.0.1"
    },
    {
      "name": "asn1",
      "version": "0.2.4",
      "purl": "pkg:npm/asn1@0.2.4",
      "type": "library",
      "bom-ref": "pkg:npm/asn1@0.2.4"
    },
    {
      "name": "assert-plus",
      "version": "1.0.0",
      "purl": "pkg:npm/assert-plus@1.0.0",
      "type": "library",
      "bom-ref": "pkg:npm/assert-plus@1.0.0"
    },
    {
      "name": "assign-symbols",
      "version": "1.0.0",
      "purl": "pkg:npm/assign-symbols@1.0.0",
      "type": "library",
      "bom-ref": "pkg:npm/assign-symbols@1.0.0"
    },
    {
      "name": "async",
      "version": "1.5.2",
      "purl": "pkg:npm/async@1.5.2",
      "type": "library",
      "bom-ref": "pkg:npm/async@1.5.2"
    },
    {
      "name": "async-limiter",
      "version": "1.0.1",
      "purl": "pkg:npm/async-limiter@1.0.1",
      "type": "library",
      "bom-ref": "pkg:npm/async-limiter@1.0.1"
    },
    {
      "name": "asynckit",
      "version": "0.4.0",
      "purl": "pkg:npm/asynckit@0.4.0",
      "type": "library",
      "bom-ref": "pkg:npm/asynckit@0.4.0"
    },
    {
      "name": "atob",
      "version": "2.1.1",
      "purl": "pkg:npm/atob@2.1.1",
      "type": "library",
      "bom-ref": "pkg:npm/atob@2.1.1"
    },
    {
      "name": "aws-sign2",
      "version": "0.7.0",
      "purl": "pkg:npm/aws-sign2@0.7.0",
      "type": "library",
      "bom-ref": "pkg:npm/aws-sign2@0.7.0"
    },
    {
      "name": "aws4",
      "version": "1.9.0",
      "purl": "pkg:npm/aws4@1.9.0",
      "type": "library",
      "bom-ref": "pkg:npm/aws4@1.9.0"
    },
    {
      "name": "babel-code-frame",
      "version": "6.26.0",
      "purl": "pkg:npm/babel-code-frame@6.26.0",
      "type": "library",
      "bom-ref": "pkg:npm/babel-code-frame@6.26.0"
    },
    {
      "name": "babel-generator",
      "version": "6.26.1",
      "purl": "pkg:npm/babel-generator@6.26.1",
      "type": "library",
      "bom-ref": "pkg:npm/babel-generator@6.26.1"
    },
    {
      "name": "babel-messages",
      "version": "6.23.0",
      "purl": "pkg:npm/babel-messages@6.23.0",
      "type": "library",
      "bom-ref": "pkg:npm/babel-messages@6.23.0"
    },
    {
      "name": "babel-runtime",
      "version": "6.26.0",
      "purl": "pkg:npm/babel-runtime@6.26.0",
      "type": "library",
      "bom-ref": "pkg:npm/babel-runtime@6.26.0"
    },
    {
      "name": "babel-template",
      "version": "6.26.0",
      "purl": "pkg:npm/babel-template@6.26.0",
      "type": "library",
      "bom-ref": "pkg:npm/babel-template@6.26.0"
    },
    {
      "name": "babel-traverse",
      "version": "6.26.0",
      "purl": "pkg:npm/babel-traverse@6.26.0",
      "type": "library",
      "bom-ref": "pkg:npm/babel-traverse@6.26.0"
    },
    {
      "name": "babel-types",
      "version": "6.26.0",
      "purl": "pkg:npm/babel-types@6.26.0",
      "type": "library",
      "bom-ref": "pkg:npm/babel-types@6.26.0"
    },
    {
      "name": "babylon",
      "version": "6.18.0",
      "purl": "pkg:npm/babylon@6.18.0",
      "type": "library",
      "bom-ref": "pkg:npm/babylon@6.18.0"
    },
    {
      "name": "balanced-match",
      "version": "1.0.0",
      "purl": "pkg:npm/balanced-match@1.0.0",
      "type": "library",
      "bom-ref": "pkg:npm/balanced-match@1.0.0"
    },
    {
      "name": "base",
      "version": "0.11.2",
      "purl": "pkg:npm/base@0.11.2",
      "type": "library",
      "bom-ref": "pkg:npm/base@0.11.2"
    },
    {
      "name": "bcrypt-pbkdf",
      "version": "1.0.2",
      "purl": "pkg:npm/bcrypt-pbkdf@1.0.2",
      "type": "library",
      "bom-ref": "pkg:npm/bcrypt-pbkdf@1.0.2"
    },
    {
      "name": "brace-expansion",
      "version": "1.1.11",
      "purl": "pkg:npm/brace-expansion@1.1.11",
      "type": "library",
      "bom-ref": "pkg:npm/brace-expansion@1.1.11"
    },
    {
      "name": "braces",
      "version": "2.3.2",
      "purl": "pkg:npm/braces@2.3.2",
      "type": "library",
      "bom-ref": "pkg:npm/braces@2.3.2"
    },
    {
      "name": "browser-process-hrtime",
      "version": "0.1.3",
      "purl": "pkg:npm/browser-process-hrtime@0.1.3",
      "type": "library",
      "bom-ref": "pkg:npm/browser-process-hrtime@0.1.3"
    },
    {
      "name": "builtin-modules",
      "version": "1.1.1",
      "purl": "pkg:npm/builtin-modules@1.1.1",
      "type": "library",
      "bom-ref": "pkg:npm/builtin-modules@1.1.1"
    },
    {
      "name": "cache-base",
      "version": "1.0.1",
      "purl": "pkg:npm/cache-base@1.0.1",
      "type": "library",
      "bom-ref": "pkg:npm/cache-base@1.0.1"
    },
    {
      "name": "caching-transform",
      "version": "1.0.1",
      "purl": "pkg:npm/caching-transform@1.0.1",
      "type": "library",
      "bom-ref": "pkg:npm/caching-transform@1.0.1"
    },
    {
      "name": "camelcase",
      "version": "1.2.1",
      "purl": "pkg:npm/camelcase@1.2.1",
      "type": "library",
      "bom-ref": "pkg:npm/camelcase@1.2.1"
    },
    {
      "name": "camelcase",
      "version": "4.1.0",
      "purl": "pkg:npm/camelcase@4.1.0",
      "type": "library",
      "bom-ref": "pkg:npm/camelcase@4.1.0"
    },
    {
      "name": "caseless",
      "version": "0.12.0",
      "purl": "pkg:npm/caseless@0.12.0",
      "type": "library",
      "bom-ref": "pkg:npm/caseless@0.12.0"
    },
    {
      "name": "center-align",
      "version": "0.1.3",
      "purl": "pkg:npm/center-align@0.1.3",
      "type": "library",
      "bom-ref": "pkg:npm/center-align@0.1.3"
    },
    {
      "name": "chalk",
      "version": "1.1.3",
      "purl": "pkg:npm/chalk@1.1.3",
      "type": "library",
      "bom-ref": "pkg:npm/chalk@1.1.3"
    },
    {
      "name": "class-utils",
      "version": "0.3.6",
      "purl": "pkg:npm/class-utils@0.3.6",
      "type": "library",
      "bom-ref": "pkg:npm/class-utils@0.3.6"
    },
    {
      "name": "cliui",
      "version": "2.1.0",
      "purl": "pkg:npm/cliui@2.1.0",
      "type": "library",
      "bom-ref": "pkg:npm/cliui@2.1.0"
    },
    {
      "name": "cliui",
      "version": "4.1.0",
      "purl": "pkg:npm/cliui@4.1.0",
      "type": "library",
      "bom-ref": "pkg:npm/cliui@4.1.0"
    },
    {
      "name": "code-point-at",
      "version": "1.1.0",
      "purl": "pkg:npm/code-point-at@1.1.0",
      "type": "library",
      "bom-ref": "pkg:npm/code-point-at@1.1.0"
    },
    {
      "name": "collection-visit",
      "version": "1.0.0",
      "purl": "pkg:npm/collection-visit@1.0.0",
      "type": "library",
      "bom-ref": "pkg:npm/collection-visit@1.0.0"
    },
    {
      "name": "combined-stream",
      "version": "1.0.8",
      "purl": "pkg:npm/combined-stream@1.0.8",
      "type": "library",
      "bom-ref": "pkg:npm/combined-stream@1.0.8"
    },
    {
      "name": "commondir",
      "version": "1.0.1",
      "purl": "pkg:npm/commondir@1.0.1",
      "type": "library",
      "bom-ref": "pkg:npm/commondir@1.0.1"
    },
    {
      "name": "component-emitter",
      "version": "1.2.1",
      "purl": "pkg:npm/component-emitter@1.2.1",
      "type": "library",
      "bom-ref": "pkg:npm/component-emitter@1.2.1"
    },
    {
      "name": "concat-map",
      "version": "0.0.1",
      "purl": "pkg:npm/concat-map@0.0.1",
      "type": "library",
      "bom-ref": "pkg:npm/concat-map@0.0.1"
    },
    {
      "name": "convert-source-map",
      "version": "1.5.1",
      "purl": "pkg:npm/convert-source-map@1.5.1",
      "type": "library",
      "bom-ref": "pkg:npm/convert-source-map@1.5.1"
    },
    {
      "name": "copy-descriptor",
      "version": "0.1.1",
      "purl": "pkg:npm/copy-descriptor@0.1.1",
      "type": "library",
      "bom-ref": "pkg:npm/copy-descriptor@0.1.1"
    },
    {
      "name": "core-js",
      "version": "2.5.6",
      "purl": "pkg:npm/core-js@2.5.6",
      "type": "library",
      "bom-ref": "pkg:npm/core-js@2.5.6"
    },
    {
      "name": "core-util-is",
      "version": "1.0.2",
      "purl": "pkg:npm/core-util-is@1.0.2",
      "type": "library",
      "bom-ref": "pkg:npm/core-util-is@1.0.2"
    },
    {
      "name": "cross-spawn",
      "version": "4.0.2",
      "purl": "pkg:npm/cross-spawn@4.0.2",
      "type": "library",
      "bom-ref": "pkg:npm/cross-spawn@4.0.2"
    },
    {
      "name": "cross-spawn",
      "version": "5.1.0",
      "purl": "pkg:npm/cross-spawn@5.1.0",
      "type": "library",
      "bom-ref": "pkg:npm/cross-spawn@5.1.0"
    },
    {
      "name": "cssom",
      "version": "0.3.8",
      "purl": "pkg:npm/cssom@0.3.8",
      "type": "library",
      "bom-ref": "pkg:npm/cssom@0.3.8"
    },
    {
      "name": "cssstyle",
      "version": "1.4.0",
      "purl": "pkg:npm/cssstyle@1.4.0",
      "type": "library",
      "bom-ref": "pkg:npm/cssstyle@1.4.0"
    },
    {
      "name": "dashdash",
      "version": "1.14.1",
      "purl": "pkg:npm/dashdash@1.14.1",
      "type": "library",
      "bom-ref": "pkg:npm/dashdash@1.14.1"
    },
    {
      "name": "data-urls",
      "version": "1.1.0",
      "purl": "pkg:npm/data-urls@1.1.0",
      "type": "library",
      "bom-ref": "pkg:npm/data-urls@1.1.0"
    },
    {
      "name": "debug",
      "version": "2.6.9",
      "purl": "pkg:npm/debug@2.6.9",
      "type": "library",
      "bom-ref": "pkg:npm/debug@2.6.9"
    },
    {
      "name": "debug",
      "version": "3.1.0",
      "purl": "pkg:npm/debug@3.1.0",
      "type": "library",
      "bom-ref": "pkg:npm/debug@3.1.0"
    },
    {
      "name": "debug-log",
      "version": "1.0.1",
      "purl": "pkg:npm/debug-log@1.0.1",
      "type": "library",
      "bom-ref": "pkg:npm/debug-log@1.0.1"
    },
    {
      "name": "decamelize",
      "version": "1.1.1",
      "purl": "pkg:npm/decamelize@1.1.1",
      "type": "library",
      "bom-ref": "pkg:npm/decamelize@1.1.1"
    },
    {
      "name": "decamelize",
      "version": "1.2.0",
      "purl": "pkg:npm/decamelize@1.2.0",
      "type": "library",
      "bom-ref": "pkg:npm/decamelize@1.2.0"
    },
    {
      "name": "decode-uri-component",
      "version": "0.2.0",
      "purl": "pkg:npm/decode-uri-component@0.2.0",
      "type": "library",
      "bom-ref": "pkg:npm/decode-uri-component@0.2.0"
    },
    {
      "name": "deep-is",
      "version": "0.1.3",
      "purl": "pkg:npm/deep-is@0.1.3",
      "type": "library",
      "bom-ref": "pkg:npm/deep-is@0.1.3"
    },
    {
      "name": "default-require-extensions",
      "version": "1.0.0",
      "purl": "pkg:npm/default-require-extensions@1.0.0",
      "type": "library",
      "bom-ref": "pkg:npm/default-require-extensions@1.0.0"
    },
    {
      "name": "define-property",
      "version": "0.2.5",
      "purl": "pkg:npm/define-property@0.2.5",
      "type": "library",
      "bom-ref": "pkg:npm/define-property@0.2.5"
    },
    {
      "name": "define-property",
      "version": "1.0.0",
      "purl": "pkg:npm/define-property@1.0.0",
      "type": "library",
      "bom-ref": "pkg:npm/define-property@1.0.0"
    },
    {
      "name": "define-property",
      "version": "2.0.2",
      "purl": "pkg:npm/define-property@2.0.2",
      "type": "library",
      "bom-ref": "pkg:npm/define-property@2.0.2"
    },
    {
      "name": "delayed-stream",
      "version": "1.0.0",
      "purl": "pkg:npm/delayed-stream@1.0.0",
      "type": "library",
      "bom-ref": "pkg:npm/delayed-stream@1.0.0"
    },
    {
      "name": "detect-indent",
      "version": "4.0.0",
      "purl": "pkg:npm/detect-indent@4.0.0",
      "type": "library",
      "bom-ref": "pkg:npm/detect-indent@4.0.0"
    },
    {
      "name": "domexception",
      "version": "1.0.1",
      "purl": "pkg:npm/domexception@1.0.1",
      "type": "library",
      "bom-ref": "pkg:npm/domexception@1.0.1"
    },
    {
      "name": "ecc-jsbn",
      "version": "0.1.2",
      "purl": "pkg:npm/ecc-jsbn@0.1.2",
      "type": "library",
      "bom-ref": "pkg:npm/ecc-jsbn@0.1.2"
    },
    {
      "name": "error-ex",
      "version": "1.3.1",
      "purl": "pkg:npm/error-ex@1.3.1",
      "type": "library",
      "bom-ref": "pkg:npm/error-ex@1.3.1"
    },
    {
      "name": "escape-string-regexp",
      "version": "1.0.5",
      "purl": "pkg:npm/escape-string-regexp@1.0.5",
      "type": "library",
      "bom-ref": "pkg:npm/escape-string-regexp@1.0.5"
    },
    {
      "name": "escodegen",
      "version": "1.12.0",
      "purl": "pkg:npm/escodegen@1.12.0",
      "type": "library",
      "bom-ref": "pkg:npm/escodegen@1.12.0"
    },
    {
      "name": "esprima",
      "version": "3.1.3",
      "purl": "pkg:npm/esprima@3.1.3",
      "type": "library",
      "bom-ref": "pkg:npm/esprima@3.1.3"
    },
    {
      "name": "estraverse",
      "version": "4.3.0",
      "purl": "pkg:npm/estraverse@4.3.0",
      "type": "library",
      "bom-ref": "pkg:npm/estraverse@4.3.0"
    },
    {
      "name": "esutils",
      "version": "2.0.2",
      "purl": "pkg:npm/esutils@2.0.2",
      "type": "library",
      "bom-ref": "pkg:npm/esutils@2.0.2"
    },
    {
      "name": "esutils",
      "version": "2.0.3",
      "purl": "pkg:npm/esutils@2.0.3",
      "type": "library",
      "bom-ref": "pkg:npm/esutils@2.0.3"
    },
    {
      "name": "execa",
      "version": "0.7.0",
      "purl": "pkg:npm/execa@0.7.0",
      "type": "library",
      "bom-ref": "pkg:npm/execa@0.7.0"
    },
    {
      "name": "expand-brackets",
      "version": "2.1.4",
      "purl": "pkg:npm/expand-brackets@2.1.4",
      "type": "library",
      "bom-ref": "pkg:npm/expand-brackets@2.1.4"
    },
    {
      "name": "extend",
      "version": "3.0.2",
      "purl": "pkg:npm/extend@3.0.2",
      "type": "library",
      "bom-ref": "pkg:npm/extend@3.0.2"
    },
    {
      "name": "extend-shallow",
      "version": "2.0.1",
      "purl": "pkg:npm/extend-shallow@2.0.1",
      "type": "library",
      "bom-ref": "pkg:npm/extend-shallow@2.0.1"
    },
    {
      "name": "extend-shallow",
      "version": "3.0.2",
      "purl": "pkg:npm/extend-shallow@3.0.2",
      "type": "library",
      "bom-ref": "pkg:npm/extend-shallow@3.0.2"
    },
    {
      "name": "extglob",
      "version": "2.0.4",
      "purl": "pkg:npm/extglob@2.0.4",
      "type": "library",
      "bom-ref": "pkg:npm/extglob@2.0.4"
    },
    {
      "name": "extsprintf",
      "version": "1.3.0",
      "purl": "pkg:npm/extsprintf@1.3.0",
      "type": "library",
      "bom-ref": "pkg:npm/extsprintf@1.3.0"
    },
    {
      "name": "fast-deep-equal",
      "version": "2.0.1",
      "purl": "pkg:npm/fast-deep-equal@2.0.1",
      "type": "library",
      "bom-ref": "pkg:npm/fast-deep-equal@2.0.1"
    },
    {
      "name": "fast-json-stable-stringify",
      "version": "2.0.0",
      "purl": "pkg:npm/fast-json-stable-stringify@2.0.0",
      "type": "library",
      "bom-ref": "pkg:npm/fast-json-stable-stringify@2.0.0"
    },
    {
      "name": "fast-levenshtein",
      "version": "2.0.6",
      "purl": "pkg:npm/fast-levenshtein@2.0.6",
      "type": "library",
      "bom-ref": "pkg:npm/fast-levenshtein@2.0.6"
    },
    {
      "name": "fill-range",
      "version": "4.0.0",
      "purl": "pkg:npm/fill-range@4.0.0",
      "type": "library",
      "bom-ref": "pkg:npm/fill-range@4.0.0"
    },
    {
      "name": "find-cache-dir",
      "version": "0.1.1",
      "purl": "pkg:npm/find-cache-dir@0.1.1",
      "type": "library",
      "bom-ref": "pkg:npm/find-cache-dir@0.1.1"
    },
    {
      "name": "find-up",
      "version": "1.1.2",
      "purl": "pkg:npm/find-up@1.1.2",
      "type": "library",
      "bom-ref": "pkg:npm/find-up@1.1.2"
    },
    {
      "name": "find-up",
      "version": "2.1.0",
      "purl": "pkg:npm/find-up@2.1.0",
      "type": "library",
      "bom-ref": "pkg:npm/find-up@2.1.0"
    },
    {
      "name": "for-in",
      "version": "1.0.2",
      "purl": "pkg:npm/for-in@1.0.2",
      "type": "library",
      "bom-ref": "pkg:npm/for-in@1.0.2"
    },
    {
      "name": "foreground-child",
      "version": "1.5.6",
      "purl": "pkg:npm/foreground-child@1.5.6",
      "type": "library",
      "bom-ref": "pkg:npm/foreground-child@1.5.6"
    },
    {
      "name": "forever-agent",
      "version": "0.6.1",
      "purl": "pkg:npm/forever-agent@0.6.1",
      "type": "library",
      "bom-ref": "pkg:npm/forever-agent@0.6.1"
    },
    {
      "name": "form-data",
      "version": "2.3.3",
      "purl": "pkg:npm/form-data@2.3.3",
      "type": "library",
      "bom-ref": "pkg:npm/form-data@2.3.3"
    },
    {
      "name": "fragment-cache",
      "version": "0.2.1",
      "purl": "pkg:npm/fragment-cache@0.2.1",
      "type": "library",
      "bom-ref": "pkg:npm/fragment-cache@0.2.1"
    },
    {
      "name": "fs.realpath",
      "version": "1.0.0",
      "purl": "pkg:npm/fs.realpath@1.0.0",
      "type": "library",
      "bom-ref": "pkg:npm/fs.realpath@1.0.0"
    },
    {
      "name": "get-caller-file",
      "version": "1.0.2",
      "purl": "pkg:npm/get-caller-file@1.0.2",
      "type": "library",
      "bom-ref": "pkg:npm/get-caller-file@1.0.2"
    },
    {
      "name": "get-stream",
      "version": "3.0.0",
      "purl": "pkg:npm/get-stream@3.0.0",
      "type": "library",
      "bom-ref": "pkg:npm/get-stream@3.0.0"
    },
    {
      "name": "get-value",
      "version": "2.0.6",
      "purl": "pkg:npm/get-value@2.0.6",
      "type": "library",
      "bom-ref": "pkg:npm/get-value@2.0.6"
    },
    {
      "name": "getpass",
      "version": "0.1.7",
      "purl": "pkg:npm/getpass@0.1.7",
      "type": "library",
      "bom-ref": "pkg:npm/getpass@0.1.7"
    },
    {
      "name": "glob",
      "version": "7.1.2",
      "purl": "pkg:npm/glob@7.1.2",
      "type": "library",
      "bom-ref": "pkg:npm/glob@7.1.2"
    },
    {
      "name": "globals",
      "version": "9.18.0",
      "purl": "pkg:npm/globals@9.18.0",
      "type": "library",
      "bom-ref": "pkg:npm/globals@9.18.0"
    },
    {
      "name": "graceful-fs",
      "version": "4.1.11",
      "purl": "pkg:npm/graceful-fs@4.1.11",
      "type": "library",
      "bom-ref": "pkg:npm/graceful-fs@4.1.11"
    },
    {
      "name": "handlebars",
      "version": "4.0.11",
      "purl": "pkg:npm/handlebars@4.0.11",
      "type": "library",
      "bom-ref": "pkg:npm/handlebars@4.0.11"
    },
    {
      "name": "har-schema",
      "version": "2.0.0",
      "purl": "pkg:npm/har-schema@2.0.0",
      "type": "library",
      "bom-ref": "pkg:npm/har-schema@2.0.0"
    },
    {
      "name": "har-validator",
      "version": "5.1.3",
      "purl": "pkg:npm/har-validator@5.1.3",
      "type": "library",
      "bom-ref": "pkg:npm/har-validator@5.1.3"
    },
    {
      "name": "has-ansi",
      "version": "2.0.0",
      "purl": "pkg:npm/has-ansi@2.0.0",
      "type": "library",
      "bom-ref": "pkg:npm/has-ansi@2.0.0"
    },
    {
      "name": "has-flag",
      "version": "1.0.0",
      "purl": "pkg:npm/has-flag@1.0.0",
      "type": "library",
      "bom-ref": "pkg:npm/has-flag@1.0.0"
    },
    {
      "name": "has-value",
      "version": "0.3.1",
      "purl": "pkg:npm/has-value@0.3.1",
      "type": "library",
      "bom-ref": "pkg:npm/has-value@0.3.1"
    },
    {
      "name": "has-value",
      "version": "1.0.0",
      "purl": "pkg:npm/has-value@1.0.0",
      "type": "library",
      "bom-ref": "pkg:npm/has-value@1.0.0"
    },
    {
      "name": "has-values",
      "version": "0.1.4",
      "purl": "pkg:npm/has-values@0.1.4",
      "type": "library",
      "bom-ref": "pkg:npm/has-values@0.1.4"
    },
    {
      "name": "has-values",
      "version": "1.0.0",
      "purl": "pkg:npm/has-values@1.0.0",
      "type": "library",
      "bom-ref": "pkg:npm/has-values@1.0.0"
    },
    {
      "name": "highlight.js",
      "version": "9.16.2",
      "purl": "pkg:npm/highlight.js@9.16.2",
      "type": "library",
      "bom-ref": "pkg:npm/highlight.js@9.16.2"
    },
    {
      "name": "hosted-git-info",
      "version": "2.6.0",
      "purl": "pkg:npm/hosted-git-info@2.6.0",
      "type": "library",
      "bom-ref": "pkg:npm/hosted-git-info@2.6.0"
    },
    {
      "name": "html-encoding-sniffer",
      "version": "1.0.2",
      "purl": "pkg:npm/html-encoding-sniffer@1.0.2",
      "type": "library",
      "bom-ref": "pkg:npm/html-encoding-sniffer@1.0.2"
    },
    {
      "name": "http-signature",
      "version": "1.2.0",
      "purl": "pkg:npm/http-signature@1.2.0",
      "type": "library",
      "bom-ref": "pkg:npm/http-signature@1.2.0"
    },
    {
      "name": "iconv-lite",
      "version": "0.4.24",
      "purl": "pkg:npm/iconv-lite@0.4.24",
      "type": "library",
      "bom-ref": "pkg:npm/iconv-lite@0.4.24"
    },
    {
      "name": "imurmurhash",
      "version": "0.1.4",
      "purl": "pkg:npm/imurmurhash@0.1.4",
      "type": "library",
      "bom-ref": "pkg:npm/imurmurhash@0.1.4"
    },
    {
      "name": "inflight",
      "version": "1.0.6",
      "purl": "pkg:npm/inflight@1.0.6",
      "type": "library",
      "bom-ref": "pkg:npm/inflight@1.0.6"
    },
    {
      "name": "inherits",
      "version": "2.0.3",
      "purl": "pkg:npm/inherits@2.0.3",
      "type": "library",
      "bom-ref": "pkg:npm/inherits@2.0.3"
    },
    {
      "name": "invariant",
      "version": "2.2.4",
      "purl": "pkg:npm/invariant@2.2.4",
      "type": "library",
      "bom-ref": "pkg:npm/invariant@2.2.4"
    },
    {
      "name": "invert-kv",
      "version": "1.0.0",
      "purl": "pkg:npm/invert-kv@1.0.0",
      "type": "library",
      "bom-ref": "pkg:npm/invert-kv@1.0.0"
    },
    {
      "name": "is-accessor-descriptor",
      "version": "0.1.6",
      "purl": "pkg:npm/is-accessor-descriptor@0.1.6",
      "type": "library",
      "bom-ref": "pkg:npm/is-accessor-descriptor@0.1.6"
    },
    {
      "name": "is-accessor-descriptor",
      "version": "1.0.0",
      "purl": "pkg:npm/is-accessor-descriptor@1.0.0",
      "type": "library",
      "bom-ref": "pkg:npm/is-accessor-descriptor@1.0.0"
    },
    {
      "name": "is-arrayish",
      "version": "0.2.1",
      "purl": "pkg:npm/is-arrayish@0.2.1",
      "type": "library",
      "bom-ref": "pkg:npm/is-arrayish@0.2.1"
    },
    {
      "name": "is-buffer",
      "version": "1.1.6",
      "purl": "pkg:npm/is-buffer@1.1.6",
      "type": "library",
      "bom-ref": "pkg:npm/is-buffer@1.1.6"
    },
    {
      "name": "is-builtin-module",
      "version": "1.0.0",
      "purl": "pkg:npm/is-builtin-module@1.0.0",
      "type": "library",
      "bom-ref": "pkg:npm/is-builtin-module@1.0.0"
    },
    {
      "name": "is-data-descriptor",
      "version": "0.1.4",
      "purl": "pkg:npm/is-data-descriptor@0.1.4",
      "type": "library",
      "bom-ref": "pkg:npm/is-data-descriptor@0.1.4"
    },
    {
      "name": "is-data-descriptor",
      "version": "1.0.0",
      "purl": "pkg:npm/is-data-descriptor@1.0.0",
      "type": "library",
      "bom-ref": "pkg:npm/is-data-descriptor@1.0.0"
    },
    {
      "name": "is-descriptor",
      "version": "0.1.6",
      "purl": "pkg:npm/is-descriptor@0.1.6",
      "type": "library",
      "bom-ref": "pkg:npm/is-descriptor@0.1.6"
    },
    {
      "name": "is-descriptor",
      "version": "1.0.2",
      "purl": "pkg:npm/is-descriptor@1.0.2",
      "type": "library",
      "bom-ref": "pkg:npm/is-descriptor@1.0.2"
    },
    {
      "name": "is-extendable",
      "version": "0.1.1",
      "purl": "pkg:npm/is-extendable@0.1.1",
      "type": "library",
      "bom-ref": "pkg:npm/is-extendable@0.1.1"
    },
    {
      "name": "is-extendable",
      "version": "1.0.1",
      "purl": "pkg:npm/is-extendable@1.0.1",
      "type": "library",
      "bom-ref": "pkg:npm/is-extendable@1.0.1"
    },
    {
      "name": "is-finite",
      "version": "1.0.2",
      "purl": "pkg:npm/is-finite@1.0.2",
      "type": "library",
      "bom-ref": "pkg:npm/is-finite@1.0.2"
    },
    {
      "name": "is-fullwidth-code-point",
      "version": "1.0.0",
      "purl": "pkg:npm/is-fullwidth-code-point@1.0.0",
      "type": "library",
      "bom-ref": "pkg:npm/is-fullwidth-code-point@1.0.0"
    },
    {
      "name": "is-fullwidth-code-point",
      "version": "2.0.0",
      "purl": "pkg:npm/is-fullwidth-code-point@2.0.0",
      "type": "library",
      "bom-ref": "pkg:npm/is-fullwidth-code-point@2.0.0"
    },
    {
      "name": "is-number",
      "version": "3.0.0",
      "purl": "pkg:npm/is-number@3.0.0",
      "type": "library",
      "bom-ref": "pkg:npm/is-number@3.0.0"
    },
    {
      "name": "is-number",
      "version": "4.0.0",
      "purl": "pkg:npm/is-number@4.0.0",
      "type": "library",
      "bom-ref": "pkg:npm/is-number@4.0.0"
    },
    {
      "name": "is-odd",
      "version": "2.0.0",
      "purl": "pkg:npm/is-odd@2.0.0",
      "type": "library",
      "bom-ref": "pkg:npm/is-odd@2.0.0"
    },
    {
      "name": "is-plain-object",
      "version": "2.0.4",
      "purl": "pkg:npm/is-plain-object@2.0.4",
      "type": "library",
      "bom-ref": "pkg:npm/is-plain-object@2.0.4"
    },
    {
      "name": "is-stream",
      "version": "1.1.0",
      "purl": "pkg:npm/is-stream@1.1.0",
      "type": "library",
      "bom-ref": "pkg:npm/is-stream@1.1.0"
    },
    {
      "name": "is-typedarray",
      "version": "1.0.0",
      "purl": "pkg:npm/is-typedarray@1.0.0",
      "type": "library",
      "bom-ref": "pkg:npm/is-typedarray@1.0.0"
    },
    {
      "name": "is-utf8",
      "version": "0.2.1",
      "purl": "pkg:npm/is-utf8@0.2.1",
      "type": "library",
      "bom-ref": "pkg:npm/is-utf8@0.2.1"
    },
    {
      "name": "is-windows",
      "version": "1.0.2",
      "purl": "pkg:npm/is-windows@1.0.2",
      "type": "library",
      "bom-ref": "pkg:npm/is-windows@1.0.2"
    },
    {
      "name": "isarray",
      "version": "1.0.0",
      "purl": "pkg:npm/isarray@1.0.0",
      "type": "library",
      "bom-ref": "pkg:npm/isarray@1.0.0"
    },
    {
      "name": "isexe",
      "version": "2.0.0",
      "purl": "pkg:npm/isexe@2.0.0",
      "type": "library",
      "bom-ref": "pkg:npm/isexe@2.0.0"
    },
    {
      "name": "isobject",
      "version": "2.1.0",
      "purl": "pkg:npm/isobject@2.1.0",
      "type": "library",
      "bom-ref": "pkg:npm/isobject@2.1.0"
    },
    {
      "name": "isobject",
      "version": "3.0.1",
      "purl": "pkg:npm/isobject@3.0.1",
      "type": "library",
      "bom-ref": "pkg:npm/isobject@3.0.1"
    },
    {
      "name": "isstream",
      "version": "0.1.2",
      "purl": "pkg:npm/isstream@0.1.2",
      "type": "library",
      "bom-ref": "pkg:npm/isstream@0.1.2"
    },
    {
      "name": "istanbul-lib-coverage",
      "version": "1.2.0",
      "purl": "pkg:npm/istanbul-lib-coverage@1.2.0",
      "type": "library",
      "bom-ref": "pkg:npm/istanbul-lib-coverage@1.2.0"
    },
    {
      "name": "istanbul-lib-hook",
      "version": "1.1.0",
      "purl": "pkg:npm/istanbul-lib-hook@1.1.0",
      "type": "library",
      "bom-ref": "pkg:npm/istanbul-lib-hook@1.1.0"
    },
    {
      "name": "istanbul-lib-instrument",
      "version": "1.10.1",
      "purl": "pkg:npm/istanbul-lib-instrument@1.10.1",
      "type": "library",
      "bom-ref": "pkg:npm/istanbul-lib-instrument@1.10.1"
    },
    {
      "name": "istanbul-lib-report",
      "version": "1.1.3",
      "purl": "pkg:npm/istanbul-lib-report@1.1.3",
      "type": "library",
      "bom-ref": "pkg:npm/istanbul-lib-report@1.1.3"
    },
    {
      "name": "istanbul-lib-source-maps",
      "version": "1.2.3",
      "purl": "pkg:npm/istanbul-lib-source-maps@1.2.3",
      "type": "library",
      "bom-ref": "pkg:npm/istanbul-lib-source-maps@1.2.3"
    },
    {
      "name": "istanbul-reports",
      "version": "1.4.0",
      "purl": "pkg:npm/istanbul-reports@1.4.0",
      "type": "library",
      "bom-ref": "pkg:npm/istanbul-reports@1.4.0"
    },
    {
      "name": "js-tokens",
      "version": "3.0.2",
      "purl": "pkg:npm/js-tokens@3.0.2",
      "type": "library",
      "bom-ref": "pkg:npm/js-tokens@3.0.2"
    },
    {
      "name": "jsbn",
      "version": "0.1.1",
      "purl": "pkg:npm/jsbn@0.1.1",
      "type": "library",
      "bom-ref": "pkg:npm/jsbn@0.1.1"
    },
    {
      "name": "jsdom",
      "version": "11.12.0",
      "purl": "pkg:npm/jsdom@11.12.0",
      "type": "library",
      "bom-ref": "pkg:npm/jsdom@11.12.0"
    },
    {
      "name": "jsesc",
      "version": "1.3.0",
      "purl": "pkg:npm/jsesc@1.3.0",
      "type": "library",
      "bom-ref": "pkg:npm/jsesc@1.3.0"
    },
    {
      "name": "json-schema",
      "version": "0.2.3",
      "purl": "pkg:npm/json-schema@0.2.3",
      "type": "library",
      "bom-ref": "pkg:npm/json-schema@0.2.3"
    },
    {
      "name": "json-schema-traverse",
      "version": "0.4.1",
      "purl": "pkg:npm/json-schema-traverse@0.4.1",
      "type": "library",
      "bom-ref": "pkg:npm/json-schema-traverse@0.4.1"
    },
    {
      "name": "json-stringify-safe",
      "version": "5.0.1",
      "purl": "pkg:npm/json-stringify-safe@5.0.1",
      "type": "library",
      "bom-ref": "pkg:npm/json-stringify-safe@5.0.1"
    },
    {
      "name": "jsprim",
      "version": "1.4.1",
      "purl": "pkg:npm/jsprim@1.4.1",
      "type": "library",
      "bom-ref": "pkg:npm/jsprim@1.4.1"
    },
    {
      "name": "kind-of",
      "version": "3.2.2",
      "purl": "pkg:npm/kind-of@3.2.2",
      "type": "library",
      "bom-ref": "pkg:npm/kind-of@3.2.2"
    },
    {
      "name": "kind-of",
      "version": "4.0.0",
      "purl": "pkg:npm/kind-of@4.0.0",
      "type": "library",
      "bom-ref": "pkg:npm/kind-of@4.0.0"
    },
    {
      "name": "kind-of",
      "version": "5.1.0",
      "purl": "pkg:npm/kind-of@5.1.0",
      "type": "library",
      "bom-ref": "pkg:npm/kind-of@5.1.0"
    },
    {
      "name": "kind-of",
      "version": "6.0.2",
      "purl": "pkg:npm/kind-of@6.0.2",
      "type": "library",
      "bom-ref": "pkg:npm/kind-of@6.0.2"
    },
    {
      "name": "lazy-cache",
      "version": "1.0.4",
      "purl": "pkg:npm/lazy-cache@1.0.4",
      "type": "library",
      "bom-ref": "pkg:npm/lazy-cache@1.0.4"
    },
    {
      "name": "lcid",
      "version": "1.0.0",
      "purl": "pkg:npm/lcid@1.0.0",
      "type": "library",
      "bom-ref": "pkg:npm/lcid@1.0.0"
    },
    {
      "name": "left-pad",
      "version": "1.3.0",
      "purl": "pkg:npm/left-pad@1.3.0",
      "type": "library",
      "bom-ref": "pkg:npm/left-pad@1.3.0"
    },
    {
      "name": "levn",
      "version": "0.3.0",
      "purl": "pkg:npm/levn@0.3.0",
      "type": "library",
      "bom-ref": "pkg:npm/levn@0.3.0"
    },
    {
      "name": "load-json-file",
      "version": "1.1.0",
      "purl": "pkg:npm/load-json-file@1.1.0",
      "type": "library",
      "bom-ref": "pkg:npm/load-json-file@1.1.0"
    },
    {
      "name": "locate-path",
      "version": "2.0.0",
      "purl": "pkg:npm/locate-path@2.0.0",
      "type": "library",
      "bom-ref": "pkg:npm/locate-path@2.0.0"
    },
    {
      "name": "lodash",
      "version": "4.17.10",
      "purl": "pkg:npm/lodash@4.17.10",
      "type": "library",
      "bom-ref": "pkg:npm/lodash@4.17.10"
    },
    {
      "name": "lodash",
      "version": "4.17.15",
      "purl": "pkg:npm/lodash@4.17.15",
      "type": "library",
      "bom-ref": "pkg:npm/lodash@4.17.15"
    },
    {
      "name": "lodash.sortby",
      "version": "4.7.0",
      "purl": "pkg:npm/lodash.sortby@4.7.0",
      "type": "library",
      "bom-ref": "pkg:npm/lodash.sortby@4.7.0"
    },
    {
      "name": "longest",
      "version": "1.0.1",
      "purl": "pkg:npm/longest@1.0.1",
      "type": "library",
      "bom-ref": "pkg:npm/longest@1.0.1"
    },
    {
      "name": "loose-envify",
      "version": "1.3.1",
      "purl": "pkg:npm/loose-envify@1.3.1",
      "type": "library",
      "bom-ref": "pkg:npm/loose-envify@1.3.1"
    },
    {
      "name": "lru-cache",
      "version": "4.1.3",
      "purl": "pkg:npm/lru-cache@4.1.3",
      "type": "library",
      "bom-ref": "pkg:npm/lru-cache@4.1.3"
    },
    {
      "name": "map-cache",
      "version": "0.2.2",
      "purl": "pkg:npm/map-cache@0.2.2",
      "type": "library",
      "bom-ref": "pkg:npm/map-cache@0.2.2"
    },
    {
      "name": "map-visit",
      "version": "1.0.0",
      "purl": "pkg:npm/map-visit@1.0.0",
      "type": "library",
      "bom-ref": "pkg:npm/map-visit@1.0.0"
    },
    {
      "name": "md5-hex",
      "version": "1.3.0",
      "purl": "pkg:npm/md5-hex@1.3.0",
      "type": "library",
      "bom-ref": "pkg:npm/md5-hex@1.3.0"
    },
    {
      "name": "md5-o-matic",
      "version": "0.1.1",
      "purl": "pkg:npm/md5-o-matic@0.1.1",
      "type": "library",
      "bom-ref": "pkg:npm/md5-o-matic@0.1.1"
    },
    {
      "name": "mem",
      "version": "1.1.0",
      "purl": "pkg:npm/mem@1.1.0",
      "type": "library",
      "bom-ref": "pkg:npm/mem@1.1.0"
    },
    {
      "name": "merge-source-map",
      "version": "1.1.0",
      "purl": "pkg:npm/merge-source-map@1.1.0",
      "type": "library",
      "bom-ref": "pkg:npm/merge-source-map@1.1.0"
    },
    {
      "name": "micromatch",
      "version": "3.1.10",
      "purl": "pkg:npm/micromatch@3.1.10",
      "type": "library",
      "bom-ref": "pkg:npm/micromatch@3.1.10"
    },
    {
      "name": "mime-db",
      "version": "1.42.0",
      "purl": "pkg:npm/mime-db@1.42.0",
      "type": "library",
      "bom-ref": "pkg:npm/mime-db@1.42.0"
    },
    {
      "name": "mime-types",
      "version": "2.1.25",
      "purl": "pkg:npm/mime-types@2.1.25",
      "type": "library",
      "bom-ref": "pkg:npm/mime-types@2.1.25"
    },
    {
      "name": "mimic-fn",
      "version": "1.2.0",
      "purl": "pkg:npm/mimic-fn@1.2.0",
      "type": "library",
      "bom-ref": "pkg:npm/mimic-fn@1.2.0"
    },
    {
      "name": "minimatch",
      "version": "3.0.4",
      "purl": "pkg:npm/minimatch@3.0.4",
      "type": "library",
      "bom-ref": "pkg:npm/minimatch@3.0.4"
    },
    {
      "name": "minimist",
      "version": "0.0.8",
      "purl": "pkg:npm/minimist@0.0.8",
      "type": "library",
      "bom-ref": "pkg:npm/minimist@0.0.8"
    },
    {
      "name": "mixin-deep",
      "version": "1.3.1",
      "purl": "pkg:npm/mixin-deep@1.3.1",
      "type": "library",
      "bom-ref": "pkg:npm/mixin-deep@1.3.1"
    },
    {
      "name": "mkdirp",
      "version": "0.5.1",
      "purl": "pkg:npm/mkdirp@0.5.1",
      "type": "library",
      "bom-ref": "pkg:npm/mkdirp@0.5.1"
    },
    {
      "name": "moment",
      "version": "2.24.0",
      "purl": "pkg:npm/moment@2.24.0",
      "type": "library",
      "bom-ref": "pkg:npm/moment@2.24.0"
    },
    {
      "name": "ms",
      "version": "2.0.0",
      "purl": "pkg:npm/ms@2.0.0",
      "type": "library",
      "bom-ref": "pkg:npm/ms@2.0.0"
    },
    {
      "name": "nanomatch",
      "version": "1.2.9",
      "purl": "pkg:npm/nanomatch@1.2.9",
      "type": "library",
      "bom-ref": "pkg:npm/nanomatch@1.2.9"
    },
    {
      "name": "normalize-package-data",
      "version": "2.4.0",
      "purl": "pkg:npm/normalize-package-data@2.4.0",
      "type": "library",
      "bom-ref": "pkg:npm/normalize-package-data@2.4.0"
    },
    {
      "name": "normalize.css",
      "version": "7.0.0",
      "purl": "pkg:npm/normalize.css@7.0.0",
      "type": "library",
      "bom-ref": "pkg:npm/normalize.css@7.0.0"
    },
    {
      "name": "npm-run-path",
      "version": "2.0.2",
      "purl": "pkg:npm/npm-run-path@2.0.2",
      "type": "library",
      "bom-ref": "pkg:npm/npm-run-path@2.0.2"
    },
    {
      "name": "number-is-nan",
      "version": "1.0.1",
      "purl": "pkg:npm/number-is-nan@1.0.1",
      "type": "library",
      "bom-ref": "pkg:npm/number-is-nan@1.0.1"
    },
    {
      "name": "nwsapi",
      "version": "2.2.0",
      "purl": "pkg:npm/nwsapi@2.2.0",
      "type": "library",
      "bom-ref": "pkg:npm/nwsapi@2.2.0"
    },
    {
      "name": "nyc",
      "version": "11.9.0",
      "purl": "pkg:npm/nyc@11.9.0",
      "type": "library",
      "bom-ref": "pkg:npm/nyc@11.9.0"
    },
    {
      "name": "oauth-sign",
      "version": "0.9.0",
      "purl": "pkg:npm/oauth-sign@0.9.0",
      "type": "library",
      "bom-ref": "pkg:npm/oauth-sign@0.9.0"
    },
    {
      "name": "object-assign",
      "version": "4.1.1",
      "purl": "pkg:npm/object-assign@4.1.1",
      "type": "library",
      "bom-ref": "pkg:npm/object-assign@4.1.1"
    },
    {
      "name": "object-copy",
      "version": "0.1.0",
      "purl": "pkg:npm/object-copy@0.1.0",
      "type": "library",
      "bom-ref": "pkg:npm/object-copy@0.1.0"
    },
    {
      "name": "object-visit",
      "version": "1.0.1",
      "purl": "pkg:npm/object-visit@1.0.1",
      "type": "library",
      "bom-ref": "pkg:npm/object-visit@1.0.1"
    },
    {
      "name": "object.pick",
      "version": "1.3.0",
      "purl": "pkg:npm/object.pick@1.3.0",
      "type": "library",
      "bom-ref": "pkg:npm/object.pick@1.3.0"
    },
    {
      "name": "once",
      "version": "1.4.0",
      "purl": "pkg:npm/once@1.4.0",
      "type": "library",
      "bom-ref": "pkg:npm/once@1.4.0"
    },
    {
      "name": "optimist",
      "version": "0.6.1",
      "purl": "pkg:npm/optimist@0.6.1",
      "type": "library",
      "bom-ref": "pkg:npm/optimist@0.6.1"
    },
    {
      "name": "optionator",
      "version": "0.8.3",
      "purl": "pkg:npm/optionator@0.8.3",
      "type": "library",
      "bom-ref": "pkg:npm/optionator@0.8.3"
    },
    {
      "name": "os-homedir",
      "version": "1.0.2",
      "purl": "pkg:npm/os-homedir@1.0.2",
      "type": "library",
      "bom-ref": "pkg:npm/os-homedir@1.0.2"
    },
    {
      "name": "os-locale",
      "version": "2.1.0",
      "purl": "pkg:npm/os-locale@2.1.0",
      "type": "library",
      "bom-ref": "pkg:npm/os-locale@2.1.0"
    },
    {
      "name": "p-finally",
      "version": "1.0.0",
      "purl": "pkg:npm/p-finally@1.0.0",
      "type": "library",
      "bom-ref": "pkg:npm/p-finally@1.0.0"
    },
    {
      "name": "p-limit",
      "version": "1.2.0",
      "purl": "pkg:npm/p-limit@1.2.0",
      "type": "library",
      "bom-ref": "pkg:npm/p-limit@1.2.0"
    },
    {
      "name": "p-locate",
      "version": "2.0.0",
      "purl": "pkg:npm/p-locate@2.0.0",
      "type": "library",
      "bom-ref": "pkg:npm/p-locate@2.0.0"
    },
    {
      "name": "p-try",
      "version": "1.0.0",
      "purl": "pkg:npm/p-try@1.0.0",
      "type": "library",
      "bom-ref": "pkg:npm/p-try@1.0.0"
    },
    {
      "name": "parse-json",
      "version": "2.2.0",
      "purl": "pkg:npm/parse-json@2.2.0",
      "type": "library",
      "bom-ref": "pkg:npm/parse-json@2.2.0"
    },
    {
      "name": "parse5",
      "version": "4.0.0",
      "purl": "pkg:npm/parse5@4.0.0",
      "type": "library",
      "bom-ref": "pkg:npm/parse5@4.0.0"
    },
    {
      "name": "pascalcase",
      "version": "0.1.1",
      "purl": "pkg:npm/pascalcase@0.1.1",
      "type": "library",
      "bom-ref": "pkg:npm/pascalcase@0.1.1"
    },
    {
      "name": "path-exists",
      "version": "2.1.0",
      "purl": "pkg:npm/path-exists@2.1.0",
      "type": "library",
      "bom-ref": "pkg:npm/path-exists@2.1.0"
    },
    {
      "name": "path-exists",
      "version": "3.0.0",
      "purl": "pkg:npm/path-exists@3.0.0",
      "type": "library",
      "bom-ref": "pkg:npm/path-exists@3.0.0"
    },
    {
      "name": "path-is-absolute",
      "version": "1.0.1",
      "purl": "pkg:npm/path-is-absolute@1.0.1",
      "type": "library",
      "bom-ref": "pkg:npm/path-is-absolute@1.0.1"
    },
    {
      "name": "path-key",
      "version": "2.0.1",
      "purl": "pkg:npm/path-key@2.0.1",
      "type": "library",
      "bom-ref": "pkg:npm/path-key@2.0.1"
    },
    {
      "name": "path-parse",
      "version": "1.0.5",
      "purl": "pkg:npm/path-parse@1.0.5",
      "type": "library",
      "bom-ref": "pkg:npm/path-parse@1.0.5"
    },
    {
      "name": "path-type",
      "version": "1.1.0",
      "purl": "pkg:npm/path-type@1.1.0",
      "type": "library",
      "bom-ref": "pkg:npm/path-type@1.1.0"
    },
    {
      "name": "performance-now",
      "version": "2.1.0",
      "purl": "pkg:npm/performance-now@2.1.0",
      "type": "library",
      "bom-ref": "pkg:npm/performance-now@2.1.0"
    },
    {
      "name": "pify",
      "version": "2.3.0",
      "purl": "pkg:npm/pify@2.3.0",
      "type": "library",
      "bom-ref": "pkg:npm/pify@2.3.0"
    },
    {
      "name": "pinkie",
      "version": "2.0.4",
      "purl": "pkg:npm/pinkie@2.0.4",
      "type": "library",
      "bom-ref": "pkg:npm/pinkie@2.0.4"
    },
    {
      "name": "pinkie-promise",
      "version": "2.0.1",
      "purl": "pkg:npm/pinkie-promise@2.0.1",
      "type": "library",
      "bom-ref": "pkg:npm/pinkie-promise@2.0.1"
    },
    {
      "name": "pkg-dir",
      "version": "1.0.0",
      "purl": "pkg:npm/pkg-dir@1.0.0",
      "type": "library",
      "bom-ref": "pkg:npm/pkg-dir@1.0.0"
    },
    {
      "name": "pn",
      "version": "1.1.0",
      "purl": "pkg:npm/pn@1.1.0",
      "type": "library",
      "bom-ref": "pkg:npm/pn@1.1.0"
    },
    {
      "name": "posix-character-classes",
      "version": "0.1.1",
      "purl": "pkg:npm/posix-character-classes@0.1.1",
      "type": "library",
      "bom-ref": "pkg:npm/posix-character-classes@0.1.1"
    },
    {
      "name": "prelude-ls",
      "version": "1.1.2",
      "purl": "pkg:npm/prelude-ls@1.1.2",
      "type": "library",
      "bom-ref": "pkg:npm/prelude-ls@1.1.2"
    },
    {
      "name": "pseudomap",
      "version": "1.0.2",
      "purl": "pkg:npm/pseudomap@1.0.2",
      "type": "library",
      "bom-ref": "pkg:npm/pseudomap@1.0.2"
    },
    {
      "name": "psl",
      "version": "1.5.0",
      "purl": "pkg:npm/psl@1.5.0",
      "type": "library",
      "bom-ref": "pkg:npm/psl@1.5.0"
    },
    {
      "name": "punycode",
      "version": "1.4.1",
      "purl": "pkg:npm/punycode@1.4.1",
      "type": "library",
      "bom-ref": "pkg:npm/punycode@1.4.1"
    },
    {
      "name": "punycode",
      "version": "2.1.1",
      "purl": "pkg:npm/punycode@2.1.1",
      "type": "library",
      "bom-ref": "pkg:npm/punycode@2.1.1"
    },
    {
      "name": "qs",
      "version": "6.5.2",
      "purl": "pkg:npm/qs@6.5.2",
      "type": "library",
      "bom-ref": "pkg:npm/qs@6.5.2"
    },
    {
      "name": "read-pkg",
      "version": "1.1.0",
      "purl": "pkg:npm/read-pkg@1.1.0",
      "type": "library",
      "bom-ref": "pkg:npm/read-pkg@1.1.0"
    },
    {
      "name": "read-pkg-up",
      "version": "1.0.1",
      "purl": "pkg:npm/read-pkg-up@1.0.1",
      "type": "library",
      "bom-ref": "pkg:npm/read-pkg-up@1.0.1"
    },
    {
      "name": "regenerator-runtime",
      "version": "0.11.1",
      "purl": "pkg:npm/regenerator-runtime@0.11.1",
      "type": "library",
      "bom-ref": "pkg:npm/regenerator-runtime@0.11.1"
    },
    {
      "name": "regex-not",
      "version": "1.0.2",
      "purl": "pkg:npm/regex-not@1.0.2",
      "type": "library",
      "bom-ref": "pkg:npm/regex-not@1.0.2"
    },
    {
      "name": "repeat-element",
      "version": "1.1.2",
      "purl": "pkg:npm/repeat-element@1.1.2",
      "type": "library",
      "bom-ref": "pkg:npm/repeat-element@1.1.2"
    },
    {
      "name": "repeat-string",
      "version": "1.6.1",
      "purl": "pkg:npm/repeat-string@1.6.1",
      "type": "library",
      "bom-ref": "pkg:npm/repeat-string@1.6.1"
    },
    {
      "name": "repeating",
      "version": "2.0.1",
      "purl": "pkg:npm/repeating@2.0.1",
      "type": "library",
      "bom-ref": "pkg:npm/repeating@2.0.1"
    },
    {
      "name": "request",
      "version": "2.88.0",
      "purl": "pkg:npm/request@2.88.0",
      "type": "library",
      "bom-ref": "pkg:npm/request@2.88.0"
    },
    {
      "name": "request-promise-core",
      "version": "1.1.3",
      "purl": "pkg:npm/request-promise-core@1.1.3",
      "type": "library",
      "bom-ref": "pkg:npm/request-promise-core@1.1.3"
    },
    {
      "name": "request-promise-native",
      "version": "1.0.8",
      "purl": "pkg:npm/request-promise-native@1.0.8",
      "type": "library",
      "bom-ref": "pkg:npm/request-promise-native@1.0.8"
    },
    {
      "name": "require-directory",
      "version": "2.1.1",
      "purl": "pkg:npm/require-directory@2.1.1",
      "type": "library",
      "bom-ref": "pkg:npm/require-directory@2.1.1"
    },
    {
      "name": "require-main-filename",
      "version": "1.0.1",
      "purl": "pkg:npm/require-main-filename@1.0.1",
      "type": "library",
      "bom-ref": "pkg:npm/require-main-filename@1.0.1"
    },
    {
      "name": "resolve-from",
      "version": "2.0.0",
      "purl": "pkg:npm/resolve-from@2.0.0",
      "type": "library",
      "bom-ref": "pkg:npm/resolve-from@2.0.0"
    },
    {
      "name": "resolve-url",
      "version": "0.2.1",
      "purl": "pkg:npm/resolve-url@0.2.1",
      "type": "library",
      "bom-ref": "pkg:npm/resolve-url@0.2.1"
    },
    {
      "name": "ret",
      "version": "0.1.15",
      "purl": "pkg:npm/ret@0.1.15",
      "type": "library",
      "bom-ref": "pkg:npm/ret@0.1.15"
    },
    {
      "name": "right-align",
      "version": "0.1.3",
      "purl": "pkg:npm/right-align@0.1.3",
      "type": "library",
      "bom-ref": "pkg:npm/right-align@0.1.3"
    },
    {
      "name": "rimraf",
      "version": "2.6.2",
      "purl": "pkg:npm/rimraf@2.6.2",
      "type": "library",
      "bom-ref": "pkg:npm/rimraf@2.6.2"
    },
    {
      "name": "safe-buffer",
      "version": "5.1.2",
      "purl": "pkg:npm/safe-buffer@5.1.2",
      "type": "library",
      "bom-ref": "pkg:npm/safe-buffer@5.1.2"
    },
    {
      "name": "safe-regex",
      "version": "1.1.0",
      "purl": "pkg:npm/safe-regex@1.1.0",
      "type": "library",
      "bom-ref": "pkg:npm/safe-regex@1.1.0"
    },
    {
      "name": "safer-buffer",
      "version": "2.1.2",
      "purl": "pkg:npm/safer-buffer@2.1.2",
      "type": "library",
      "bom-ref": "pkg:npm/safer-buffer@2.1.2"
    },
    {
      "name": "sax",
      "version": "1.2.4",
      "purl": "pkg:npm/sax@1.2.4",
      "type": "library",
      "bom-ref": "pkg:npm/sax@1.2.4"
    },
    {
      "name": "semver",
      "version": "5.5.0",
      "purl": "pkg:npm/semver@5.5.0",
      "type": "library",
      "bom-ref": "pkg:npm/semver@5.5.0"
    },
    {
      "name": "set-blocking",
      "version": "2.0.0",
      "purl": "pkg:npm/set-blocking@2.0.0",
      "type": "library",
      "bom-ref": "pkg:npm/set-blocking@2.0.0"
    },
    {
      "name": "set-value",
      "version": "0.4.3",
      "purl": "pkg:npm/set-value@0.4.3",
      "type": "library",
      "bom-ref": "pkg:npm/set-value@0.4.3"
    },
    {
      "name": "set-value",
      "version": "2.0.0",
      "purl": "pkg:npm/set-value@2.0.0",
      "type": "library",
      "bom-ref": "pkg:npm/set-value@2.0.0"
    },
    {
      "name": "shebang-command",
      "version": "1.2.0",
      "purl": "pkg:npm/shebang-command@1.2.0",
      "type": "library",
      "bom-ref": "pkg:npm/shebang-command@1.2.0"
    },
    {
      "name": "shebang-regex",
      "version": "1.0.0",
      "purl": "pkg:npm/shebang-regex@1.0.0",
      "type": "library",
      "bom-ref": "pkg:npm/shebang-regex@1.0.0"
    },
    {
      "name": "signal-exit",
      "version": "3.0.2",
      "purl": "pkg:npm/signal-exit@3.0.2",
      "type": "library",
      "bom-ref": "pkg:npm/signal-exit@3.0.2"
    },
    {
      "name": "slide",
      "version": "1.1.6",
      "purl": "pkg:npm/slide@1.1.6",
      "type": "library",
      "bom-ref": "pkg:npm/slide@1.1.6"
    },
    {
      "name": "snapdragon",
      "version": "0.8.2",
      "purl": "pkg:npm/snapdragon@0.8.2",
      "type": "library",
      "bom-ref": "pkg:npm/snapdragon@0.8.2"
    },
    {
      "name": "snapdragon-node",
      "version": "2.1.1",
      "purl": "pkg:npm/snapdragon-node@2.1.1",
      "type": "library",
      "bom-ref": "pkg:npm/snapdragon-node@2.1.1"
    },
    {
      "name": "snapdragon-util",
      "version": "3.0.1",
      "purl": "pkg:npm/snapdragon-util@3.0.1",
      "type": "library",
      "bom-ref": "pkg:npm/snapdragon-util@3.0.1"
    },
    {
      "name": "source-map",
      "version": "0.4.4",
      "purl": "pkg:npm/source-map@0.4.4",
      "type": "library",
      "bom-ref": "pkg:npm/source-map@0.4.4"
    },
    {
      "name": "source-map",
      "version": "0.5.7",
      "purl": "pkg:npm/source-map@0.5.7",
      "type": "library",
      "bom-ref": "pkg:npm/source-map@0.5.7"
    },
    {
      "name": "source-map",
      "version": "0.6.1",
      "purl": "pkg:npm/source-map@0.6.1",
      "type": "library",
      "bom-ref": "pkg:npm/source-map@0.6.1"
    },
    {
      "name": "source-map-resolve",
      "version": "0.5.1",
      "purl": "pkg:npm/source-map-resolve@0.5.1",
      "type": "library",
      "bom-ref": "pkg:npm/source-map-resolve@0.5.1"
    },
    {
      "name": "source-map-url",
      "version": "0.4.0",
      "purl": "pkg:npm/source-map-url@0.4.0",
      "type": "library",
      "bom-ref": "pkg:npm/source-map-url@0.4.0"
    },
    {
      "name": "spawn-wrap",
      "version": "1.4.2",
      "purl": "pkg:npm/spawn-wrap@1.4.2",
      "type": "library",
      "bom-ref": "pkg:npm/spawn-wrap@1.4.2"
    },
    {
      "name": "spdx-correct",
      "version": "3.0.0",
      "purl": "pkg:npm/spdx-correct@3.0.0",
      "type": "library",
      "bom-ref": "pkg:npm/spdx-correct@3.0.0"
    },
    {
      "name": "spdx-exceptions",
      "version": "2.1.0",
      "purl": "pkg:npm/spdx-exceptions@2.1.0",
      "type": "library",
      "bom-ref": "pkg:npm/spdx-exceptions@2.1.0"
    },
    {
      "name": "spdx-expression-parse",
      "version": "3.0.0",
      "purl": "pkg:npm/spdx-expression-parse@3.0.0",
      "type": "library",
      "bom-ref": "pkg:npm/spdx-expression-parse@3.0.0"
    },
    {
      "name": "spdx-license-ids",
      "version": "3.0.0",
      "purl": "pkg:npm/spdx-license-ids@3.0.0",
      "type": "library",
      "bom-ref": "pkg:npm/spdx-license-ids@3.0.0"
    },
    {
      "name": "split-string",
      "version": "3.1.0",
      "purl": "pkg:npm/split-string@3.1.0",
      "type": "library",
      "bom-ref": "pkg:npm/split-string@3.1.0"
    },
    {
      "name": "sshpk",
      "version": "1.16.1",
      "purl": "pkg:npm/sshpk@1.16.1",
      "type": "library",
      "bom-ref": "pkg:npm/sshpk@1.16.1"
    },
    {
      "name": "static-extend",
      "version": "0.1.2",
      "purl": "pkg:npm/static-extend@0.1.2",
      "type": "library",
      "bom-ref": "pkg:npm/static-extend@0.1.2"
    },
    {
      "name": "stealthy-require",
      "version": "1.1.1",
      "purl": "pkg:npm/stealthy-require@1.1.1",
      "type": "library",
      "bom-ref": "pkg:npm/stealthy-require@1.1.1"
    },
    {
      "name": "string-width",
      "version": "1.0.2",
      "purl": "pkg:npm/string-width@1.0.2",
      "type": "library",
      "bom-ref": "pkg:npm/string-width@1.0.2"
    },
    {
      "name": "string-width",
      "version": "2.1.1",
      "purl": "pkg:npm/string-width@2.1.1",
      "type": "library",
      "bom-ref": "pkg:npm/string-width@2.1.1"
    },
    {
      "name": "strip-ansi",
      "version": "3.0.1",
      "purl": "pkg:npm/strip-ansi@3.0.1",
      "type": "library",
      "bom-ref": "pkg:npm/strip-ansi@3.0.1"
    },
    {
      "name": "strip-ansi",
      "version": "4.0.0",
      "purl": "pkg:npm/strip-ansi@4.0.0",
      "type": "library",
      "bom-ref": "pkg:npm/strip-ansi@4.0.0"
    },
    {
      "name": "strip-bom",
      "version": "2.0.0",
      "purl": "pkg:npm/strip-bom@2.0.0",
      "type": "library",
      "bom-ref": "pkg:npm/strip-bom@2.0.0"
    },
    {
      "name": "strip-eof",
      "version": "1.0.0",
      "purl": "pkg:npm/strip-eof@1.0.0",
      "type": "library",
      "bom-ref": "pkg:npm/strip-eof@1.0.0"
    },
    {
      "name": "supports-color",
      "version": "2.0.0",
      "purl": "pkg:npm/supports-color@2.0.0",
      "type": "library",
      "bom-ref": "pkg:npm/supports-color@2.0.0"
    },
    {
      "name": "supports-color",
      "version": "3.2.3",
      "purl": "pkg:npm/supports-color@3.2.3",
      "type": "library",
      "bom-ref": "pkg:npm/supports-color@3.2.3"
    },
    {
      "name": "symbol-tree",
      "version": "3.2.4",
      "purl": "pkg:npm/symbol-tree@3.2.4",
      "type": "library",
      "bom-ref": "pkg:npm/symbol-tree@3.2.4"
    },
    {
      "name": "test-exclude",
      "version": "4.2.1",
      "purl": "pkg:npm/test-exclude@4.2.1",
      "type": "library",
      "bom-ref": "pkg:npm/test-exclude@4.2.1"
    },
    {
      "name": "to-fast-properties",
      "version": "1.0.3",
      "purl": "pkg:npm/to-fast-properties@1.0.3",
      "type": "library",
      "bom-ref": "pkg:npm/to-fast-properties@1.0.3"
    },
    {
      "name": "to-object-path",
      "version": "0.3.0",
      "purl": "pkg:npm/to-object-path@0.3.0",
      "type": "library",
      "bom-ref": "pkg:npm/to-object-path@0.3.0"
    },
    {
      "name": "to-regex",
      "version": "3.0.2",
      "purl": "pkg:npm/to-regex@3.0.2",
      "type": "library",
      "bom-ref": "pkg:npm/to-regex@3.0.2"
    },
    {
      "name": "to-regex-range",
      "version": "2.1.1",
      "purl": "pkg:npm/to-regex-range@2.1.1",
      "type": "library",
      "bom-ref": "pkg:npm/to-regex-range@2.1.1"
    },
    {
      "name": "tough-cookie",
      "version": "2.4.3",
      "purl": "pkg:npm/tough-cookie@2.4.3",
      "type": "library",
      "bom-ref": "pkg:npm/tough-cookie@2.4.3"
    },
    {
      "name": "tr46",
      "version": "1.0.1",
      "purl": "pkg:npm/tr46@1.0.1",
      "type": "library",
      "bom-ref": "pkg:npm/tr46@1.0.1"
    },
    {
      "name": "trim-right",
      "version": "1.0.1",
      "purl": "pkg:npm/trim-right@1.0.1",
      "type": "library",
      "bom-ref": "pkg:npm/trim-right@1.0.1"
    },
    {
      "name": "tunnel-agent",
      "version": "0.6.0",
      "purl": "pkg:npm/tunnel-agent@0.6.0",
      "type": "library",
      "bom-ref": "pkg:npm/tunnel-agent@0.6.0"
    },
    {
      "name": "tweetnacl",
      "version": "0.14.5",
      "purl": "pkg:npm/tweetnacl@0.14.5",
      "type": "library",
      "bom-ref": "pkg:npm/tweetnacl@0.14.5"
    },
    {
      "name": "type-check",
      "version": "0.3.2",
      "purl": "pkg:npm/type-check@0.3.2",
      "type": "library",
      "bom-ref": "pkg:npm/type-check@0.3.2"
    },
    {
      "name": "uglify-js",
      "version": "2.8.29",
      "purl": "pkg:npm/uglify-js@2.8.29",
      "type": "library",
      "bom-ref": "pkg:npm/uglify-js@2.8.29"
    },
    {
      "name": "uglify-to-browserify",
      "version": "1.0.2",
      "purl": "pkg:npm/uglify-to-browserify@1.0.2",
      "type": "library",
      "bom-ref": "pkg:npm/uglify-to-browserify@1.0.2"
    },
    {
      "name": "union-value",
      "version": "1.0.0",
      "purl": "pkg:npm/union-value@1.0.0",
      "type": "library",
      "bom-ref": "pkg:npm/union-value@1.0.0"
    },
    {
      "name": "unset-value",
      "version": "1.0.0",
      "purl": "pkg:npm/unset-value@1.0.0",
      "type": "library",
      "bom-ref": "pkg:npm/unset-value@1.0.0"
    },
    {
      "name": "uri-js",
      "version": "4.2.2",
      "purl": "pkg:npm/uri-js@4.2.2",
      "type": "library",
      "bom-ref": "pkg:npm/uri-js@4.2.2"
    },
    {
      "name": "urix",
      "version": "0.1.0",
      "purl": "pkg:npm/urix@0.1.0",
      "type": "library",
      "bom-ref": "pkg:npm/urix@0.1.0"
    },
    {
      "name": "use",
      "version": "3.1.0",
      "purl": "pkg:npm/use@3.1.0",
      "type": "library",
      "bom-ref": "pkg:npm/use@3.1.0"
    },
    {
      "name": "uuid",
      "version": "3.3.3",
      "purl": "pkg:npm/uuid@3.3.3",
      "type": "library",
      "bom-ref": "pkg:npm/uuid@3.3.3"
    },
    {
      "name": "validate-npm-package-license",
      "version": "3.0.3",
      "purl": "pkg:npm/validate-npm-package-license@3.0.3",
      "type": "library",
      "bom-ref": "pkg:npm/validate-npm-package-license@3.0.3"
    },
    {
      "name": "verror",
      "version": "1.10.0",
      "purl": "pkg:npm/verror@1.10.0",
      "type": "library",
      "bom-ref": "pkg:npm/verror@1.10.0"
    },
    {
      "name": "w3c-hr-time",
      "version": "1.0.1",
      "purl": "pkg:npm/w3c-hr-time@1.0.1",
      "type": "library",
      "bom-ref": "pkg:npm/w3c-hr-time@1.0.1"
    },
    {
      "name": "webidl-conversions",
      "version": "4.0.2",
      "purl": "pkg:npm/webidl-conversions@4.0.2",
      "type": "library",
      "bom-ref": "pkg:npm/webidl-conversions@4.0.2"
    },
    {
      "name": "whatwg-encoding",
      "version": "1.0.5",
      "purl": "pkg:npm/whatwg-encoding@1.0.5",
      "type": "library",
      "bom-ref": "pkg:npm/whatwg-encoding@1.0.5"
    },
    {
      "name": "whatwg-mimetype",
      "version": "2.3.0",
      "purl": "pkg:npm/whatwg-mimetype@2.3.0",
      "type": "library",
      "bom-ref": "pkg:npm/whatwg-mimetype@2.3.0"
    },
    {
      "name": "whatwg-url",
      "version": "6.5.0",
      "purl": "pkg:npm/whatwg-url@6.5.0",
      "type": "library",
      "bom-ref": "pkg:npm/whatwg-url@6.5.0"
    },
    {
      "name": "whatwg-url",
      "version": "7.1.0",
      "purl": "pkg:npm/whatwg-url@7.1.0",
      "type": "library",
      "bom-ref": "pkg:npm/whatwg-url@7.1.0"
    },
    {
      "name": "which",
      "version": "1.3.0",
      "purl": "pkg:npm/which@1.3.0",
      "type": "library",
      "bom-ref": "pkg:npm/which@1.3.0"
    },
    {
      "name": "which-module",
      "version": "2.0.0",
      "purl": "pkg:npm/which-module@2.0.0",
      "type": "library",
      "bom-ref": "pkg:npm/which-module@2.0.0"
    },
    {
      "name": "window-size",
      "version": "0.1.0",
      "purl": "pkg:npm/window-size@0.1.0",
      "type": "library",
      "bom-ref": "pkg:npm/window-size@0.1.0"
    },
    {
      "name": "word-wrap",
      "version": "1.2.3",
      "purl": "pkg:npm/word-wrap@1.2.3",
      "type": "library",
      "bom-ref": "pkg:npm/word-wrap@1.2.3"
    },
    {
      "name": "wordwrap",
      "version": "0.0.2",
      "purl": "pkg:npm/wordwrap@0.0.2",
      "type": "library",
      "bom-ref": "pkg:npm/wordwrap@0.0.2"
    },
    {
      "name": "wordwrap",
      "version": "0.0.3",
      "purl": "pkg:npm/wordwrap@0.0.3",
      "type": "library",
      "bom-ref": "pkg:npm/wordwrap@0.0.3"
    },
    {
      "name": "wrap-ansi",
      "version": "2.1.0",
      "purl": "pkg:npm/wrap-ansi@2.1.0",
      "type": "library",
      "bom-ref": "pkg:npm/wrap-ansi@2.1.0"
    },
    {
      "name": "wrappy",
      "version": "1.0.2",
      "purl": "pkg:npm/wrappy@1.0.2",
      "type": "library",
      "bom-ref": "pkg:npm/wrappy@1.0.2"
    },
    {
      "name": "write-file-atomic",
      "version": "1.3.4",
      "purl": "pkg:npm/write-file-atomic@1.3.4",
      "type": "library",
      "bom-ref": "pkg:npm/write-file-atomic@1.3.4"
    },
    {
      "name": "ws",
      "version": "5.2.2",
      "purl": "pkg:npm/ws@5.2.2",
      "type": "library",
      "bom-ref": "pkg:npm/ws@5.2.2"
    },
    {
      "name": "xml-name-validator",
      "version": "3.0.0",
      "purl": "pkg:npm/xml-name-validator@3.0.0",
      "type": "library",
      "bom-ref": "pkg:npm/xml-name-validator@3.0.0"
    },
    {
      "name": "y18n",
      "version": "3.2.1",
      "purl": "pkg:npm/y18n@3.2.1",
      "type": "library",
      "bom-ref": "pkg:npm/y18n@3.2.1"
    },
    {
      "name": "yallist",
      "version": "2.1.2",
      "purl": "pkg:npm/yallist@2.1.2",
      "type": "library",
      "bom-ref": "pkg:npm/yallist@2.1.2"
    },
    {
      "name": "yargs",
      "version": "11.1.0",
      "purl": "pkg:npm/yargs@11.1.0",
      "type": "library",
      "bom-ref": "pkg:npm/yargs@11.1.0"
    },
    {
      "name": "yargs",
      "version": "3.10.0",
      "purl": "pkg:npm/yargs@3.10.0",
      "type": "library",
      "bom-ref": "pkg:npm/yargs@3.10.0"
    },
    {
      "name": "yargs-parser",
      "version": "8.1.0",
      "purl": "pkg:npm/yargs-parser@8.1.0",
      "type": "library",
      "bom-ref": "pkg:npm/yargs-parser@8.1.0"
    },
    {
      "name": "yargs-parser",
      "version": "9.0.2",
      "purl": "pkg:npm/yargs-parser@9.0.2",
      "type": "library",
      "bom-ref": "pkg:npm/yargs-parser@9.0.2"
    }
  ]
}
